{
  "$schema": "http://json-schema.org/draft-04/schema#",
  "type": "object",
  "properties": {
    "when": {
      "type": "string",
      "format": "date-time"
    },
    "airport": {
      "type": "string",
      "minLength": 3,
      "maxLength": 3
    },
    "flights": {
      "type": "array",
      "items": [
        {
          "type": "object",
          "properties": {
            "airline": {
              "type": "string",
              "enum": [ "Air Transat", "Sunwing", "Swoop", "Westjet" ]
            },
            "flight-number": {
              "type": "integer",
              "minimum": 100,
              "maximum": 999
            },
            "destination": {
              "type": "string"
            },
            "departure-time": {
              "type": "string",
              "pattern": "^([01]?\\d|2[0-3]):[0-5]\\d$"
            }
          },
          "required": [
            "flight-number",
            "departure-time"
          ]
        }
      ]
    }
  },
  "required": [
    "when",
    "airport"
  ]
}